{
    "configurationSettings": [
        {
            "category": "General Settings",
            "fields": [
                {
                    "type": "string",
                    "fieldName": "description",
                    "tooltip": "overview description",
                    "label": "description:",
                    "placeholder": "enter description"
                },
                {
                    "type": "string",
                    "fieldName": "title",
                    "tooltip": "Application Title",
                    "label": "Title:",
                    "placeholder": "Enter Title for Application."
                },
                {
                    "type": "string",
                    "fieldName": "subTitle",
                    "tooltip": "Application Subtitle",
                    "label": "Subtitle:",
                    "placeholder": "Enter a subtitle for application."
                },
                {
                    "type": "string",
                    "fieldName": "imageLocation",
                    "tooltip": "Thumbnail image location",
                    "label": "Thumbnail image location:",
                    "placeholder": "Enter the path where thumbnails should be read from."
                },
                {
                    "type": "webmap"
                }
            ],
            "values": {
                "imageLocation": "http://arcgis.neorsd.org/storymaps/resources/THUMBNAILS/"
            }
        }
    ]
}